{
  "status": "success",
  "totalBattles": 30,
  "activeBattles": 30,
  "pendingBattles": 0,
  "data": [
    {
      "_id": "6818643bbda61eec1324e704",
      "createrName": "Rohit",
      "createrImage": "uploads/1746428987252-Avatar3.png",
      "amount": 1200,
      "price": 30.2,
      "status": 1,
      "__v": 0
    },
    {
      "_id": "67efa0103cf88f92c632f9be",
      "createrName": "Aarav",
      "createrImage": "uploads/1743757328914-battleIcon.png",
      "amount": 750,
      "price": 9,
      "status": 1,
      "__v": 0
    },
    {
      "_id": "6811c2fc67442461fb57310a",
      "createrName": "Priya",
      "createrImage": "uploads/1745994492024-Avatar1.png",
      "amount": 3500,
      "price": 8,
      "status": 1,
      "__v": 0
    },
    {
      "_id": "67efa0263cf88f92c632f9c4",
      "createrName": "Neha",
      "createrImage": "uploads/1743757350204-Avatar4.png",
      "amount": 9200,
      "price": 7,
      "status": 1,
      "__v": 0
    },
    {
      "_id": "5f8d04b7b547644a1c3e5d2a",
      "createrName": "Vikram",
      "createrImage": "uploads/1746428987252-Avatar3.png",
      "amount": 1800,
      "price": 4,
      "status": 1,
      "__v": 0
    },
    {
      "_id": "6d2e3f8a1b9c5d7e0f4a6b8c",
      "createrName": "Anjali",
      "createrImage": "uploads/1743757328914-battleIcon.png",
      "amount": 4200,
      "price": 6,
      "status": 1,
      "__v": 0
    },
    {
      "_id": "3a4b5c6d7e8f9a0b1c2d3e4f",
      "createrName": "Karan",
      "createrImage": "uploads/1745994492024-Avatar1.png",
      "amount": 650,
      "price": 3,
      "status": 1,
      "__v": 0
    },
    {
      "_id": "9b8a7c6d5e4f3a2b1c0d9e8f",
      "createrName": "Sanya",
      "createrImage": "uploads/1743757350204-Avatar4.png",
      "amount": 5300,
      "price": 8,
      "status": 1,
      "__v": 0
    },
    {
      "_id": "2c3d4e5f6a7b8c9d0e1f2a3b",
      "createrName": "Rahul",
      "createrImage": "uploads/1746428987252-Avatar3.png",
      "amount": 2700,
      "price": 5,
      "status": 1,
      "__v": 0
    },
    {
      "_id": "4d5e6f7a8b9c0d1e2f3a4b5c",
      "createrName": "Mithu",
      "createrImage": "uploads/1743757328914-battleIcon.png",
      "amount": 8400,
      "price": 9,
      "status": 1,
      "__v": 0
    },
    {
      "_id": "6e7f8a9b0c1d2e3f4a5b6c7d",
      "createrName": "Rohit",
      "createrImage": "uploads/1745994492024-Avatar1.png",
      "amount": 1900,
      "price": 2,
      "status": 1,
      "__v": 0
    },
    {
      "_id": "8f9a0b1c2d3e4f5a6b7c8d9e",
      "createrName": "Aarav",
      "createrImage": "uploads/1743757350204-Avatar4.png",
      "amount": 3600,
      "price": 4,
      "status": 1,
      "__v": 0
    },
    {
      "_id": "0a1b2c3d4e5f6a7b8c9d0e1f",
      "createrName": "Priya",
      "createrImage": "uploads/1746428987252-Avatar3.png",
      "amount": 5800,
      "price": 7,
      "status": 1,
      "__v": 0
    },
    {
      "_id": "1b2a3c4d5e6f7a8b9c0d1e2f",
      "createrName": "Neha",
      "createrImage": "uploads/1743757328914-battleIcon.png",
      "amount": 420,
      "price": 30.25,
      "status": 1,
      "__v": 0
    },
    {
      "_id": "2c3a4d5e6f7a8b9c0d1e2f3a",
      "createrName": "Vikram",
      "createrImage": "uploads/1745994492024-Avatar1.png",
      "amount": 7600,
      "price": 6,
      "status": 1,
      "__v": 0
    },
    {
      "_id": "3d4a5e6f7a8b9c0d1e2f3a4b",
      "createrName": "Anjali",
      "createrImage": "uploads/1743757350204-Avatar4.png",
      "amount": 2300,
      "price": 13.7,
      "status": 1,
      "__v": 0
    },
    {
      "_id": "4e5a6f7a8b9c0d1e2f3a4b5c",
      "createrName": "Karan",
      "createrImage": "uploads/1746428987252-Avatar3.png",
      "amount": 8900,
      "price": 8,
      "status": 1,
      "__v": 0
    },
    {
      "_id": "5f6a7b8c9d0e1f2a3b4c5d6e",
      "createrName": "Sanya",
      "createrImage": "uploads/1743757328914-battleIcon.png",
      "amount": 1500,
      "price": 21.4,
      "status": 1,
      "__v": 0
    },
    {
      "_id": "6a7b8c9d0e1f2a3b4c5d6e7f",
      "createrName": "Rahul",
      "createrImage": "uploads/1745994492024-Avatar1.png",
      "amount": 6700,
      "price": 15.2,
      "status": 1,
      "__v": 0
    },
    {
      "_id": "7b8c9d0e1f2a3b4c5d6e7f8a",
      "createrName": "Mithu",
      "createrImage": "uploads/1743757350204-Avatar4.png",
      "amount": 3100,
      "price": 24,
      "status": 1,
      "__v": 0
    },
    {
      "_id": "8c9d0e1f2a3b4c5d6e7f8a9b",
      "createrName": "Rohit",
      "createrImage": "uploads/1746428987252-Avatar3.png",
      "amount": 4800,
      "price": 6,
      "status": 1,
      "__v": 0
    },
    {
      "_id": "9d0e1f2a3b4c5d6e7f8a9b0c",
      "createrName": "Aarav",
      "createrImage": "uploads/1743757328914-battleIcon.png",
      "amount": 820,
      "price": 10,
      "status": 1,
      "__v": 0
    },
    {
      "_id": "0e1f2a3b4c5d6e7f8a9b0c1d",
      "createrName": "Priya",
      "createrImage": "uploads/1745994492024-Avatar1.png",
      "amount": 5900,
      "price": 7,
      "status": 1,
      "__v": 0
    },
    {
      "_id": "1f2a3b4c5d6e7f8a9b0c1d2e",
      "createrName": "Neha",
      "createrImage": "uploads/1743757350204-Avatar4.png",
      "amount": 3700,
      "price": 5,
      "status": 1,
      "__v": 0
    },
    {
      "_id": "2a3b4c5d6e7f8a9b0c1d2e3f",
      "createrName": "Vikram",
      "createrImage": "uploads/1746428987252-Avatar3.png",
      "amount": 9400,
      "price": 9,
      "status": 1,
      "__v": 0
    },
    {
      "_id": "3b4c5d6e7f8a9b0c1d2e3f4a",
      "createrName": "Anjali",
      "createrImage": "uploads/1743757328914-battleIcon.png",
      "amount": 2600,
      "price": 3,
      "status": 1,
      "__v": 0
    },
    {
      "_id": "4c5d6e7f8a9b0c1d2e3f4a5b",
      "createrName": "Karan",
      "createrImage": "uploads/1745994492024-Avatar1.png",
      "amount": 7100,
      "price": 6,
      "status": 1,
      "__v": 0
    },
    {
      "_id": "5d6e7f8a9b0c1d2e3f4a5b6c",
      "createrName": "Sanya",
      "createrImage": "uploads/1743757350204-Avatar4.png",
      "amount": 4300,
      "price": 5,
      "status": 1,
      "__v": 0
    },
    {
      "_id": "6e7f8a9b0c1d2e3f4a5b6c7d",
      "createrName": "Rahul",
      "createrImage": "uploads/1746428987252-Avatar3.png",
      "amount": 8800,
      "price": 8,
      "status": 1,
      "__v": 0
    },
    {
      "_id": "7f8a9b0c1d2e3f4a5b6c7d8e",
      "createrName": "Mithu",
      "createrImage": "uploads/1743757328914-battleIcon.png",
      "amount": 3300,
      "price": 4,
      "status": 1,
      "__v": 0
    }
  ]
}